insert into Questions (id, collection_id, question_type_id, created_on, prompt) values ('mc_CM803LHURTVO42AP5', '0190b30f-1031-76ee-8919-7a4ed56a537f', 1, '2024-06-24 06:20:06', 'ultrices posuere cubilia curae duis faucibus');
insert into Questions (id, collection_id, question_type_id, created_on, prompt) values ('mc_FIVBBM5DRWP2FTPM9', '0190b30f-1031-76ee-8919-7a4ed56a537f', 1, '2023-11-12 05:08:12', 'ultrices mattis odio donec vitae');
insert into Questions (id, collection_id, question_type_id, created_on, prompt) values ('mc_U1MXSQ2RTZXZE17QJ', '0190b30f-1031-76ee-8919-7a4ed56a537f', 1, '2024-05-19 02:28:17', 'magna at');
insert into Questions (id, collection_id, question_type_id, created_on, prompt) values ('mc_H3Y2VGTA4PHSDJMWC', '0190b30f-1031-76ee-8919-7a4ed56a537f', 1, '2024-02-14 02:38:11', 'vel est donec odio justo');
insert into Questions (id, collection_id, question_type_id, created_on, prompt) values ('mc_TJHKUEJWXWN4TLAF0', '0190b30f-1031-76ee-8919-7a4ed56a537f', 1, '2023-09-08 07:48:53', 'proin eu mi nulla ac enim');
insert into Questions (id, collection_id, question_type_id, created_on, prompt) values ('mc_BGY7ZK9PPWO1B4CTD', '0190b30f-1031-76ee-8919-7a4ed56a537f', 1, '2024-04-07 00:28:43', 'quam a odio in');
insert into Questions (id, collection_id, question_type_id, created_on, prompt) values ('mc_JAKR0R6W31OAKXD83', '0190b30f-1031-76ee-8919-7a4ed56a537f', 1, '2023-12-07 09:04:30', 'luctus nec molestie sed justo pellentesque');
insert into Questions (id, collection_id, question_type_id, created_on, prompt) values ('mc_WNKRZV0R5SZCVZ1QC', '0190b30f-1031-76ee-8919-7a4ed56a537f', 1, '2023-08-24 09:07:21', 'in felis eu sapien cursus');
insert into Questions (id, collection_id, question_type_id, created_on, prompt) values ('mc_065BPP6M3ZLBUPMG5', '0190b30f-1031-76ee-8919-7a4ed56a537f', 1, '2023-11-26 06:09:41', 'tempor convallis nulla neque');
insert into Questions (id, collection_id, question_type_id, created_on, prompt) values ('mc_NC89SOYR737VOFMKD', '0190b30f-1031-76ee-8919-7a4ed56a537f', 1, '2024-06-15 17:06:03', 'ante vestibulum ante ipsum');

insert into Questions_MC (id) values ('mc_CM803LHURTVO42AP5');
insert into Questions_MC (id) values ('mc_FIVBBM5DRWP2FTPM9');
insert into Questions_MC (id) values ('mc_U1MXSQ2RTZXZE17QJ');
insert into Questions_MC (id) values ('mc_H3Y2VGTA4PHSDJMWC');
insert into Questions_MC (id) values ('mc_TJHKUEJWXWN4TLAF0');
insert into Questions_MC (id) values ('mc_BGY7ZK9PPWO1B4CTD');
insert into Questions_MC (id) values ('mc_JAKR0R6W31OAKXD83');
insert into Questions_MC (id) values ('mc_WNKRZV0R5SZCVZ1QC');
insert into Questions_MC (id) values ('mc_065BPP6M3ZLBUPMG5');
insert into Questions_MC (id) values ('mc_NC89SOYR737VOFMKD');










insert into Questions (id, collection_id, question_type_id, created_on, prompt) values ('sa_GN73CWC0X7UFELT7X', '0190b30f-1031-76ee-8919-7a4ed56a537f', 3, '2024-03-10 09:08:51', 'suscipit nulla elit ac');
insert into Questions (id, collection_id, question_type_id, created_on, prompt) values ('sa_02CT2VCKCDH6T8Q65', '0190b30f-1031-76ee-8919-7a4ed56a537f', 3, '2023-07-14 20:32:07', 'orci luctus et');
insert into Questions (id, collection_id, question_type_id, created_on, prompt) values ('sa_QCBS7ZBVBP8RBSTHU', '0190b30f-1031-76ee-8919-7a4ed56a537f', 3, '2024-05-26 04:10:33', 'interdum eu');
insert into Questions (id, collection_id, question_type_id, created_on, prompt) values ('sa_Y7R67VMXS5LJ03ZA3', '0190b30f-1031-76ee-8919-7a4ed56a537f', 3, '2024-03-15 18:43:19', 'sed magna at nunc commodo');
insert into Questions (id, collection_id, question_type_id, created_on, prompt) values ('sa_AANVRL4IV2Z06DX6T', '0190b30f-1031-76ee-8919-7a4ed56a537f', 3, '2024-05-24 10:54:01', 'feugiat et eros vestibulum ac');
insert into Questions (id, collection_id, question_type_id, created_on, prompt) values ('sa_7SJ27EEOWOCB2D510', '0190b30f-1031-76ee-8919-7a4ed56a537f', 3, '2024-01-18 23:07:38', 'euismod scelerisque quam');
insert into Questions (id, collection_id, question_type_id, created_on, prompt) values ('sa_4EHRUS0BEER80R297', '0190b30f-1031-76ee-8919-7a4ed56a537f', 3, '2024-06-29 11:53:29', 'bibendum felis sed interdum venenatis turpis');
insert into Questions (id, collection_id, question_type_id, created_on, prompt) values ('sa_P7VQGJ9LQBA8XH9ZY', '0190b30f-1031-76ee-8919-7a4ed56a537f', 3, '2023-08-29 00:20:04', 'tincidunt eget');
insert into Questions (id, collection_id, question_type_id, created_on, prompt) values ('sa_BDITAAWRMMJGMW7KB', '0190b30f-1031-76ee-8919-7a4ed56a537f', 3, '2024-02-27 04:35:31', 'tristique fusce congue');
insert into Questions (id, collection_id, question_type_id, created_on, prompt) values ('sa_Q3FFUCVZHZGNMSGRV', '0190b30f-1031-76ee-8919-7a4ed56a537f', 3, '2023-11-11 02:26:44', 'amet cursus');

insert into Questions_SA (id, correct_answer) values ('sa_GN73CWC0X7UFELT7X', 'ante ipsum primis in faucibus orci');
insert into Questions_SA (id, correct_answer) values ('sa_02CT2VCKCDH6T8Q65', 'ac neque duis');
insert into Questions_SA (id, correct_answer) values ('sa_QCBS7ZBVBP8RBSTHU', 'orci luctus et ultrices posuere');
insert into Questions_SA (id, correct_answer) values ('sa_Y7R67VMXS5LJ03ZA3', 'consectetuer adipiscing elit proin interdum');
insert into Questions_SA (id, correct_answer) values ('sa_AANVRL4IV2Z06DX6T', 'nisl venenatis lacinia');
insert into Questions_SA (id, correct_answer) values ('sa_7SJ27EEOWOCB2D510', 'pretium iaculis justo in');
insert into Questions_SA (id, correct_answer) values ('sa_4EHRUS0BEER80R297', 'mauris morbi non lectus aliquam sit');
insert into Questions_SA (id, correct_answer) values ('sa_P7VQGJ9LQBA8XH9ZY', 'consequat metus sapien');
insert into Questions_SA (id, correct_answer) values ('sa_BDITAAWRMMJGMW7KB', 'primis in faucibus orci');
insert into Questions_SA (id, correct_answer) values ('sa_Q3FFUCVZHZGNMSGRV', 'hac habitasse platea dictumst etiam');









insert into Questions (id, collection_id, question_type_id, created_on, prompt) values ('tf_KRXXCCMWUJARDL7WC', '0190b30f-1031-76ee-8919-7a4ed56a537f', 2, '2023-07-14 14:01:51', 'felis ut at dolor');
insert into Questions (id, collection_id, question_type_id, created_on, prompt) values ('tf_0UZ7DOOAW0ZB902V8', '0190b30f-1031-76ee-8919-7a4ed56a537f', 2, '2023-08-12 02:22:44', 'nullam porttitor lacus');
insert into Questions (id, collection_id, question_type_id, created_on, prompt) values ('tf_QQN0NSINIPKCK2O5U', '0190b30f-1031-76ee-8919-7a4ed56a537f', 2, '2024-05-01 23:13:04', 'pretium quis lectus suspendisse potenti in');
insert into Questions (id, collection_id, question_type_id, created_on, prompt) values ('tf_TW7W4GWJM6ZCRELWE', '0190b30f-1031-76ee-8919-7a4ed56a537f', 2, '2023-11-03 10:45:40', 'adipiscing lorem');
insert into Questions (id, collection_id, question_type_id, created_on, prompt) values ('tf_UVXTBJBVWUQFO8M9W', '0190b30f-1031-76ee-8919-7a4ed56a537f', 2, '2024-07-07 01:01:29', 'cubilia curae duis faucibus accumsan odio');
insert into Questions (id, collection_id, question_type_id, created_on, prompt) values ('tf_2HZUOSXJAMBCLRGP9', '0190b30f-1031-76ee-8919-7a4ed56a537f', 2, '2024-06-02 09:16:55', 'quam suspendisse potenti');
insert into Questions (id, collection_id, question_type_id, created_on, prompt) values ('tf_ZRU79PVBGFJFFAGZ8', '0190b30f-1031-76ee-8919-7a4ed56a537f', 2, '2023-08-29 05:20:48', 'etiam justo etiam pretium');
insert into Questions (id, collection_id, question_type_id, created_on, prompt) values ('tf_SN4HQ7MSF561PSUAU', '0190b30f-1031-76ee-8919-7a4ed56a537f', 2, '2023-09-11 06:32:29', 'in faucibus');
insert into Questions (id, collection_id, question_type_id, created_on, prompt) values ('tf_DDFWPZU2D0A88AZAO', '0190b30f-1031-76ee-8919-7a4ed56a537f', 2, '2023-08-27 14:48:28', 'convallis nunc proin');
insert into Questions (id, collection_id, question_type_id, created_on, prompt) values ('tf_ZTGW5XW4W17VZGG3J', '0190b30f-1031-76ee-8919-7a4ed56a537f', 2, '2023-09-15 15:26:54', 'morbi quis tortor id nulla ultrices');

insert into Questions_TF (id, correct_answer) values ('tf_KRXXCCMWUJARDL7WC', 0);
insert into Questions_TF (id, correct_answer) values ('tf_0UZ7DOOAW0ZB902V8', 1);
insert into Questions_TF (id, correct_answer) values ('tf_QQN0NSINIPKCK2O5U', 1);
insert into Questions_TF (id, correct_answer) values ('tf_TW7W4GWJM6ZCRELWE', 1);
insert into Questions_TF (id, correct_answer) values ('tf_UVXTBJBVWUQFO8M9W', 0);
insert into Questions_TF (id, correct_answer) values ('tf_2HZUOSXJAMBCLRGP9', 0);
insert into Questions_TF (id, correct_answer) values ('tf_ZRU79PVBGFJFFAGZ8', 1);
insert into Questions_TF (id, correct_answer) values ('tf_SN4HQ7MSF561PSUAU', 1);
insert into Questions_TF (id, correct_answer) values ('tf_DDFWPZU2D0A88AZAO', 0);
insert into Questions_TF (id, correct_answer) values ('tf_ZTGW5XW4W17VZGG3J', 0);